,M1_duration,M2_duration,data_count
0,0.09551968574523925,0.4241527557373047,260
1,0.12804617881774902,0.8984621047973633,520
2,0.14760468006134034,1.7439050912857055,1040
3,0.2259371042251587,4.573528385162353,2080
4,0.3367600440979004,,4160
5,0.5809146642684937,,8320
6,1.0955964565277099,,16640
7,1.9946959972381593,,33280
8,4.100419592857361,,66560
9,7.9120101690292355,,133120
